<?xml version="1.0" encoding="UTF-8"?>
<project-private xmlns="http://www.netbeans.org/ns/project-private/1">
    <editor-bookmarks xmlns="http://www.netbeans.org/ns/editor-bookmarks/2" lastBookmarkId="0"/>
    <open-files xmlns="http://www.netbeans.org/ns/projectui-open-files/2">
        <group>
            <file>file:/C:/Users/MOKLET/Documents/NetBeansProjects/Wisyam%20XR7/src/wisyam/xr7/Coba.java</file>
            <file>file:/C:/Users/MOKLET/Documents/NetBeansProjects/Wisyam%20XR7/src/wisyam/xr7/image/icons8-book-25.png</file>
            <file>file:/C:/Users/MOKLET/Documents/NetBeansProjects/Wisyam%20XR7/src/wisyam/xr7/Kasir_jam.java</file>
            <file>file:/C:/Users/MOKLET/Documents/NetBeansProjects/Wisyam%20XR7/src/wisyam/xr7/admin.java</file>
            <file>file:/C:/Users/MOKLET/Documents/NetBeansProjects/Wisyam%20XR7/src/wisyam/xr7/history.java</file>
            <file>file:/C:/Users/MOKLET/Documents/NetBeansProjects/Wisyam%20XR7/src/wisyam/xr7/image/icons8-home-page-25.png</file>
            <file>file:/C:/Users/MOKLET/Documents/NetBeansProjects/Wisyam%20XR7/src/wisyam/xr7/image/icons8-home-page-15.png</file>
            <file>file:/C:/Users/MOKLET/Documents/NetBeansProjects/Wisyam%20XR7/src/wisyam/xr7/Class.java</file>
        </group>
    </open-files>
</project-private>
